alarm_event_id,occurred_at,equipment_id,chamber,alarm_code,severity,duration_sec,status,recipe_id,lot_id
AE-20260215-0001,2026-02-15 03:07:57,THIN-PVD-01,CH-A,HV-H-001,H,385,CLEARED,R-PVD-13,
AE-20260215-0002,2026-02-15 04:20:12,ETCH-DRY-03,CH-D,REC-W-001,W,112,CLEARED,R-DRY-26,
AE-20260215-0003,2026-02-15 10:44:58,ETCH-DRY-01,CH-B,COMM-W-002,W,101,CLEARED,R-DRY-21,LOT-20260215-141
AE-20260215-0004,2026-02-15 22:49:47,DIFF-FUR-02,Z4,REC-W-001,W,61,CLEARED,,
AE-20260216-0005,2026-02-16 05:14:22,CMP-POL-02,,MECH-W-001,W,32,CLEARED,R-POL-01,
AE-20260216-0006,2026-02-16 08:38:25,DIFF-FUR-02,Z4,COMM-W-002,W,36,CLEARED,R-FUR-28,
AE-20260216-0007,2026-02-16 09:21:13,ETCH-DRY-02,CH-B,RF-M-001,M,117,CLEARED,R-DRY-29,LOT-20260216-192
AE-20260216-0008,2026-02-16 12:42:38,CMP-POL-01,,COMM-H-001,H,817,CLEARED,R-POL-29,LOT-20260216-049
AE-20260216-0009,2026-02-16 13:53:24,PHOTO-SCN-02,,REC-M-001,M,93,ACKNOWLEDGED,R-SCN-14,LOT-20260216-096
AE-20260216-0010,2026-02-16 16:02:39,CLN-WET-01,,CHEM-H-001,H,772,CLEARED,R-CLN-18,LOT-20260216-100
AE-20260216-0011,2026-02-16 16:16:42,DIFF-FUR-02,Z4,COMM-M-001,M,167,CLEARED,R-FUR-15,LOT-20260216-142
AE-20260216-0012,2026-02-16 21:35:27,DIFF-FUR-02,Z3,FLOW-H-001,H,612,CLEARED,,LOT-20260216-103
AE-20260217-0013,2026-02-17 03:34:47,PHOTO-CTR-01,,REC-H-001,H,182,CLEARED,,
AE-20260217-0014,2026-02-17 03:56:42,THIN-CVD-01,CH-B,COMM-M-001,M,239,CLEARED,R-CVD-06,LOT-20260217-167
AE-20260217-0015,2026-02-17 08:36:42,DIFF-FUR-02,Z1,REC-M-001,M,164,CLEARED,R-FUR-04,LOT-20260217-123
AE-20260217-0016,2026-02-17 10:12:57,MTL-INS-02,,COMM-H-001,H,343,CLEARED,,LOT-20260217-028
AE-20260217-0017,2026-02-17 11:49:49,ETCH-DRY-03,CH-C,REC-M-001,M,71,CLEARED,R-DRY-02,LOT-20260217-013
AE-20260217-0018,2026-02-17 18:52:27,PHOTO-SCN-01,,COMM-M-001,M,75,OPEN,,
AE-20260217-0019,2026-02-17 18:54:53,MTL-MES-01,,COMM-W-001,W,59,CLEARED,,LOT-20260217-032
AE-20260218-0020,2026-02-18 01:54:39,DIFF-FUR-01,Z2,TEMP-W-001,W,62,CLEARED,R-FUR-20,LOT-20260218-094
AE-20260218-0021,2026-02-18 02:54:58,PHOTO-SCN-03,,COMM-W-001,W,109,CLEARED,,LOT-20260218-122
AE-20260218-0022,2026-02-18 07:59:59,CMP-POL-01,,REC-W-001,W,93,CLEARED,R-POL-27,
AE-20260218-0023,2026-02-18 09:50:03,PHOTO-CTR-02,,MECH-H-001,H,227,CLEARED,R-CTR-23,
AE-20260218-0024,2026-02-18 10:11:09,THIN-PVD-02,CH-B,VAC-M-001,M,241,CLEARED,R-PVD-20,
AE-20260218-0025,2026-02-18 13:06:05,CMP-POL-03,,REC-W-001,W,89,CLEARED,,LOT-20260218-158
AE-20260218-0026,2026-02-18 15:02:02,PHOTO-SCN-02,,REC-M-001,M,124,CLEARED,R-SCN-09,LOT-20260218-145
AE-20260218-0027,2026-02-18 19:47:05,CLN-WET-01,,COMM-H-001,H,584,CLEARED,R-CLN-06,
AE-20260218-0028,2026-02-18 20:02:22,DIFF-FUR-02,Z5,GAS-M-001,M,180,ACKNOWLEDGED,R-FUR-12,LOT-20260218-093
AE-20260219-0029,2026-02-19 01:53:24,PHOTO-SCN-02,,MECH-H-001,H,198,CLEARED,R-SCN-05,
AE-20260219-0030,2026-02-19 09:59:45,CLN-WET-01,,COMM-M-001,M,300,ACKNOWLEDGED,R-CLN-11,LOT-20260219-105
AE-20260219-0031,2026-02-19 11:03:19,THIN-PVD-01,CH-A,MECH-W-001,W,17,CLEARED,,LOT-20260219-034
AE-20260219-0032,2026-02-19 17:39:52,CLN-WET-02,,CHEM-W-001,W,25,CLEARED,R-CLN-09,LOT-20260219-148
AE-20260219-0033,2026-02-19 21:25:54,MTL-INS-01,,COMM-H-001,H,43,CLEARED,R-INS-17,LOT-20260219-007
AE-20260220-0034,2026-02-20 10:47:29,CLN-WET-01,,REC-W-001,W,104,CLEARED,R-CLN-13,LOT-20260220-121
AE-20260221-0035,2026-02-21 11:58:54,ETCH-DRY-03,CH-A,RF-W-001,W,84,CLEARED,R-DRY-21,LOT-20260221-035
AE-20260221-0036,2026-02-21 15:26:23,PHOTO-CTR-02,,COMM-H-001,H,362,CLEARED,R-CTR-04,
AE-20260221-0037,2026-02-21 22:51:14,THIN-PVD-02,CH-A,COMM-M-001,M,64,CLEARED,R-PVD-20,
AE-20260222-0038,2026-02-22 05:11:37,IMP-HCI-02,,VAC-H-001,H,443,CLEARED,,
AE-20260222-0039,2026-02-22 07:41:02,CMP-POL-02,,REC-H-001,H,517,CLEARED,R-POL-06,LOT-20260222-195
AE-20260222-0040,2026-02-22 10:33:19,ETCH-WET-01,,COMM-W-001,W,18,ACKNOWLEDGED,R-WET-15,
AE-20260222-0041,2026-02-22 12:46:02,PHOTO-SCN-01,,COMM-M-001,M,252,ACKNOWLEDGED,R-SCN-29,LOT-20260222-079
AE-20260222-0042,2026-02-22 20:37:39,DIFF-FUR-02,Z4,COMM-M-001,M,60,CLEARED,R-FUR-17,LOT-20260222-066
AE-20260222-0043,2026-02-22 20:52:18,ETCH-DRY-03,CH-B,REC-W-001,W,79,CLEARED,R-DRY-28,LOT-20260222-075
AE-20260223-0044,2026-02-23 03:23:16,PHOTO-SCN-02,,COMM-M-001,M,131,ACKNOWLEDGED,R-SCN-13,LOT-20260223-151
AE-20260223-0045,2026-02-23 09:52:08,DIFF-FUR-02,Z3,FLOW-W-001,W,112,CLEARED,R-FUR-11,LOT-20260223-044
AE-20260223-0046,2026-02-23 15:59:20,MTL-INS-01,,COMM-W-001,W,115,CLEARED,R-INS-04,
AE-20260223-0047,2026-02-23 23:34:48,CLN-WET-01,,COMM-M-001,M,257,CLEARED,R-CLN-11,LOT-20260223-113
AE-20260224-0048,2026-02-24 00:43:35,IMP-HCI-02,,COMM-W-002,W,47,CLEARED,,
AE-20260224-0049,2026-02-24 03:44:51,IMP-HCI-01,,COMM-M-001,M,171,CLEARED,,
AE-20260224-0050,2026-02-24 07:27:00,DIFF-FUR-01,Z5,TEMP-W-001,W,118,CLEARED,R-FUR-28,LOT-20260224-143
AE-20260224-0051,2026-02-24 17:27:03,THIN-CVD-02,CH-A,COMM-W-001,W,97,CLEARED,R-CVD-04,
AE-20260225-0052,2026-02-25 00:50:52,DIFF-FUR-02,Z4,TEMP-H-002,H,165,ACKNOWLEDGED,R-FUR-20,LOT-20260225-141
AE-20260225-0053,2026-02-25 07:21:18,CLN-WET-02,,COMM-M-001,M,236,CLEARED,R-CLN-25,LOT-20260225-039
AE-20260225-0054,2026-02-25 13:07:05,ETCH-DRY-01,CH-A,VAC-M-001,M,287,ACKNOWLEDGED,,
AE-20260225-0055,2026-02-25 17:45:37,PHOTO-SCN-02,,COMM-W-001,W,21,CLEARED,,
AE-20260225-0056,2026-02-25 17:48:31,IMP-HCI-02,,COMM-M-001,M,292,CLEARED,,LOT-20260225-092
AE-20260225-0057,2026-02-25 21:03:55,ETCH-DRY-03,CH-C,RF-W-001,W,51,CLEARED,R-DRY-26,
AE-20260226-0058,2026-02-26 00:11:11,ETCH-DRY-03,CH-B,MECH-W-001,W,114,CLEARED,R-DRY-23,LOT-20260226-136
AE-20260226-0059,2026-02-26 05:37:25,THIN-PVD-01,CH-A,MECH-H-001,H,615,CLEARED,R-PVD-13,LOT-20260226-083
AE-20260226-0060,2026-02-26 06:37:58,IMP-HCI-02,,HV-W-001,W,52,ACKNOWLEDGED,,
AE-20260226-0061,2026-02-26 10:35:32,MTL-MES-02,,COMM-H-001,H,543,CLEARED,,LOT-20260226-008
AE-20260226-0062,2026-02-26 17:01:26,ETCH-DRY-03,CH-C,VAC-H-001,H,169,CLEARED,R-DRY-20,LOT-20260226-144
AE-20260226-0063,2026-02-26 17:11:48,THIN-PVD-01,CH-A,REC-W-001,W,68,ACKNOWLEDGED,R-PVD-18,
AE-20260227-0064,2026-02-27 00:57:53,THIN-CVD-02,CH-B,GAS-W-001,W,80,CLEARED,,
AE-20260227-0065,2026-02-27 07:20:20,PHOTO-CTR-02,,COMM-M-001,M,97,CLEARED,R-CTR-29,
AE-20260227-0066,2026-02-27 08:27:10,MTL-MES-01,,COMM-H-001,H,710,CLEARED,,
AE-20260227-0067,2026-02-27 14:43:46,DIFF-FUR-03,Z3,COMM-M-001,M,263,ACKNOWLEDGED,R-FUR-07,LOT-20260227-081
AE-20260227-0068,2026-02-27 15:16:34,ETCH-DRY-03,CH-A,COMM-W-001,W,84,CLEARED,R-DRY-03,LOT-20260227-192
AE-20260227-0069,2026-02-27 19:24:04,PHOTO-SCN-02,,REC-M-001,M,250,CLEARED,R-SCN-23,
AE-20260228-0070,2026-02-28 05:40:12,PHOTO-SCN-01,,REC-W-001,W,68,CLEARED,,
AE-20260228-0071,2026-02-28 06:06:03,PHOTO-SCN-01,,COMM-W-001,W,13,CLEARED,,LOT-20260228-076
AE-20260228-0072,2026-02-28 13:11:28,PHOTO-SCN-03,,REC-M-001,M,153,CLEARED,R-SCN-04,LOT-20260228-021
AE-20260228-0073,2026-02-28 21:55:51,CMP-POL-02,,MECH-H-001,H,680,CLEARED,R-POL-22,LOT-20260228-063
AE-20260228-0074,2026-02-28 22:34:07,CLN-WET-01,,REC-W-001,W,22,CLEARED,R-CLN-11,
AE-20260301-0075,2026-03-01 00:59:54,DIFF-FUR-01,Z5,GAS-M-001,M,61,ACKNOWLEDGED,R-FUR-18,
AE-20260301-0076,2026-03-01 01:48:03,MTL-INS-01,,MECH-H-001,H,634,OPEN,,
AE-20260301-0077,2026-03-01 07:47:33,THIN-CVD-02,CH-A,REC-M-001,M,51,CLEARED,,LOT-20260301-166
AE-20260301-0078,2026-03-01 10:02:21,MTL-MES-01,,COMM-H-001,H,530,CLEARED,R-MES-28,
AE-20260301-0079,2026-03-01 14:57:59,THIN-CVD-02,CH-B,VAC-H-001,H,367,CLEARED,R-CVD-06,LOT-20260301-095
AE-20260301-0080,2026-03-01 19:08:27,ETCH-DRY-01,CH-B,REC-M-001,M,222,CLEARED,R-DRY-01,
AE-20260301-0081,2026-03-01 23:15:19,MTL-INS-01,,MECH-H-001,H,764,CLEARED,R-INS-20,LOT-20260301-033
AE-20260302-0082,2026-03-02 00:25:33,PHOTO-SCN-01,,REC-W-001,W,81,ACKNOWLEDGED,R-SCN-11,LOT-20260302-112
AE-20260302-0083,2026-03-02 00:34:15,MTL-INS-01,,COMM-W-001,W,90,CLEARED,R-INS-13,LOT-20260302-091
AE-20260302-0084,2026-03-02 01:50:18,DIFF-RTP-01,CH-A,REC-M-001,M,247,CLEARED,R-RTP-15,LOT-20260302-137
AE-20260302-0085,2026-03-02 14:41:52,ETCH-DRY-03,CH-C,TEMP-H-001,H,631,CLEARED,R-DRY-01,LOT-20260302-101
AE-20260302-0086,2026-03-02 17:20:26,PHOTO-SCN-02,,REC-W-001,W,109,CLEARED,R-SCN-25,LOT-20260302-112
AE-20260302-0087,2026-03-02 17:27:25,ETCH-DRY-03,CH-D,GAS-H-001,H,97,CLEARED,R-DRY-22,LOT-20260302-062
AE-20260303-0088,2026-03-03 06:39:29,IMP-MCI-01,,REC-W-001,W,88,CLEARED,R-MCI-26,LOT-20260303-162
AE-20260303-0089,2026-03-03 16:12:52,THIN-PVD-02,CH-B,PRES-M-001,M,159,CLEARED,R-PVD-03,
AE-20260304-0090,2026-03-04 13:09:18,THIN-CVD-02,CH-A,PRES-H-001,H,854,CLEARED,R-CVD-05,LOT-20260304-008
AE-20260304-0091,2026-03-04 13:49:27,CMP-POL-01,,COMM-W-001,W,16,CLEARED,,LOT-20260304-110
AE-20260304-0092,2026-03-04 14:36:06,MTL-INS-02,,COMM-W-001,W,66,CLEARED,R-INS-15,LOT-20260304-138
AE-20260304-0093,2026-03-04 15:23:04,ETCH-DRY-03,CH-A,RF-M-001,M,223,CLEARED,,
AE-20260305-0094,2026-03-05 00:05:22,ETCH-WET-01,,REC-W-001,W,114,ACKNOWLEDGED,,
AE-20260305-0095,2026-03-05 00:30:08,THIN-PVD-02,CH-B,COMM-W-001,W,32,CLEARED,,
AE-20260305-0096,2026-03-05 02:14:07,CMP-POL-01,,REC-M-001,M,236,CLEARED,,LOT-20260305-131
AE-20260305-0097,2026-03-05 07:44:00,MTL-INS-02,,COMM-H-001,H,146,CLEARED,R-INS-24,LOT-20260305-033
AE-20260305-0098,2026-03-05 07:45:39,DIFF-FUR-02,Z3,FLOW-H-001,H,353,CLEARED,R-FUR-15,LOT-20260305-036
AE-20260305-0099,2026-03-05 11:43:56,DIFF-FUR-02,Z3,COMM-W-002,W,31,CLEARED,,
AE-20260305-0100,2026-03-05 14:35:07,IMP-HCI-02,,REC-W-001,W,40,CLEARED,,LOT-20260305-047
AE-20260305-0101,2026-03-05 15:24:46,DIFF-FUR-03,Z1,REC-H-001,H,514,CLEARED,R-FUR-11,
AE-20260305-0102,2026-03-05 16:00:34,ETCH-DRY-01,CH-B,COMM-W-001,W,14,CLEARED,,
AE-20260305-0103,2026-03-05 16:45:37,DIFF-FUR-02,Z4,COMM-W-001,W,37,CLEARED,R-FUR-08,
AE-20260305-0104,2026-03-05 20:22:19,THIN-PVD-02,CH-A,PRES-H-001,H,878,CLEARED,R-PVD-15,
AE-20260305-0105,2026-03-05 21:04:52,DIFF-FUR-02,Z2,GAS-W-001,W,19,CLEARED,,LOT-20260305-040
AE-20260306-0106,2026-03-06 02:10:13,THIN-CVD-02,CH-B,MECH-W-001,W,116,CLEARED,R-CVD-15,
AE-20260306-0107,2026-03-06 06:57:55,THIN-PVD-02,CH-A,REC-M-001,M,256,CLEARED,,
AE-20260306-0108,2026-03-06 11:29:49,DIFF-RTP-01,CH-A,TEMP-M-001,M,169,CLEARED,R-RTP-30,LOT-20260306-145
AE-20260306-0109,2026-03-06 12:58:50,ETCH-WET-01,,CHEM-W-001,W,97,CLEARED,,LOT-20260306-079
AE-20260306-0110,2026-03-06 23:28:00,MTL-MES-01,,MECH-H-001,H,377,CLEARED,R-MES-22,
AE-20260307-0111,2026-03-07 04:20:53,ETCH-WET-01,,COMM-M-001,M,240,CLEARED,R-WET-23,
AE-20260307-0112,2026-03-07 10:08:43,THIN-CVD-02,CH-B,REC-M-001,M,232,ACKNOWLEDGED,R-CVD-11,
AE-20260307-0113,2026-03-07 11:26:16,MTL-MES-02,,COMM-W-001,W,83,ACKNOWLEDGED,R-MES-27,
AE-20260307-0114,2026-03-07 12:11:57,ETCH-DRY-02,CH-B,REC-M-001,M,261,CLEARED,,
AE-20260307-0115,2026-03-07 16:54:07,PHOTO-SCN-03,,REC-W-001,W,88,CLEARED,R-SCN-06,LOT-20260307-139
AE-20260307-0116,2026-03-07 22:10:34,DIFF-FUR-02,Z4,COMM-M-001,M,107,CLEARED,R-FUR-03,LOT-20260307-023
AE-20260308-0117,2026-03-08 04:37:29,PHOTO-SCN-01,,COMM-M-001,M,191,CLEARED,R-SCN-06,LOT-20260308-106
AE-20260308-0118,2026-03-08 07:01:56,IMP-HCI-02,,HV-H-001,H,404,CLEARED,,
AE-20260308-0119,2026-03-08 09:50:45,IMP-HCI-02,,COMM-W-002,W,5,CLEARED,,
AE-20260308-0120,2026-03-08 17:37:41,ETCH-DRY-03,CH-A,MECH-H-001,H,590,ACKNOWLEDGED,R-DRY-07,
AE-20260308-0121,2026-03-08 17:40:36,PHOTO-SCN-02,,REC-W-001,W,20,CLEARED,R-SCN-03,LOT-20260308-186
AE-20260308-0122,2026-03-08 17:54:45,PHOTO-SCN-03,,REC-M-001,M,191,ACKNOWLEDGED,,LOT-20260308-133
AE-20260308-0123,2026-03-08 20:26:02,ETCH-DRY-02,CH-B,RF-W-001,W,44,CLEARED,R-DRY-10,LOT-20260308-056
AE-20260308-0124,2026-03-08 22:49:05,THIN-CVD-02,CH-A,REC-H-001,H,303,CLEARED,,LOT-20260308-076
AE-20260309-0125,2026-03-09 05:43:12,MTL-INS-01,,COMM-M-001,M,86,CLEARED,R-INS-18,
AE-20260309-0126,2026-03-09 14:52:12,THIN-CVD-01,CH-B,PRES-M-001,M,190,CLEARED,,
AE-20260309-0127,2026-03-09 17:58:03,IMP-HCI-02,,COMM-W-001,W,23,OPEN,,LOT-20260309-184
AE-20260309-0128,2026-03-09 22:08:33,MTL-INS-01,,COMM-M-001,M,243,CLEARED,R-INS-20,LOT-20260309-038
AE-20260309-0129,2026-03-09 23:17:13,ETCH-DRY-03,CH-B,FLOW-W-001,W,60,CLEARED,R-DRY-07,
AE-20260310-0130,2026-03-10 03:58:13,PHOTO-SCN-01,,REC-W-001,W,99,CLEARED,R-SCN-21,LOT-20260310-161
AE-20260310-0131,2026-03-10 07:07:19,DIFF-FUR-02,Z2,TEMP-H-001,H,541,CLEARED,R-FUR-17,
AE-20260310-0132,2026-03-10 12:54:17,ETCH-WET-01,,CHEM-W-001,W,14,ACKNOWLEDGED,,LOT-20260310-009
AE-20260310-0133,2026-03-10 13:28:54,PHOTO-SCN-01,,REC-W-001,W,91,CLEARED,R-SCN-26,
AE-20260310-0134,2026-03-10 14:21:31,THIN-CVD-01,CH-A,RF-M-001,M,177,CLEARED,,LOT-20260310-067
AE-20260310-0135,2026-03-10 15:01:09,PHOTO-SCN-02,,COMM-W-001,W,53,OPEN,R-SCN-18,LOT-20260310-117
AE-20260310-0136,2026-03-10 16:29:50,CMP-POL-01,,CHEM-W-001,W,113,CLEARED,R-POL-01,LOT-20260310-051
AE-20260310-0137,2026-03-10 19:25:27,CLN-WET-01,,MECH-H-001,H,276,CLEARED,R-CLN-08,
AE-20260310-0138,2026-03-10 22:37:07,THIN-CVD-02,CH-B,COMM-W-002,W,116,CLEARED,R-CVD-01,
AE-20260310-0139,2026-03-10 22:41:37,DIFF-RTP-01,CH-A,COMM-W-001,W,46,CLEARED,,
AE-20260310-0140,2026-03-10 22:46:57,IMP-MCI-01,,COMM-W-002,W,72,CLEARED,,
AE-20260311-0141,2026-03-11 20:48:28,THIN-PVD-02,CH-A,REC-M-001,M,176,CLEARED,R-PVD-06,
AE-20260312-0142,2026-03-12 03:11:41,DIFF-FUR-02,Z4,TEMP-H-001,H,188,CLEARED,R-FUR-27,
AE-20260312-0143,2026-03-12 07:00:01,IMP-HCI-02,,VAC-H-001,H,308,CLEARED,R-HCI-10,
AE-20260312-0144,2026-03-12 07:12:15,CLN-WET-02,,MECH-H-001,H,417,CLEARED,R-CLN-13,LOT-20260312-088
AE-20260312-0145,2026-03-12 11:12:36,ETCH-DRY-01,CH-A,GAS-M-001,M,127,CLEARED,R-DRY-26,
AE-20260312-0146,2026-03-12 12:13:48,THIN-CVD-02,CH-A,GAS-C-001,C,1372,CLEARED,R-CVD-20,LOT-20260312-129
AE-20260312-0147,2026-03-12 12:41:52,IMP-HCI-01,,COMM-W-001,W,38,CLEARED,R-HCI-12,LOT-20260312-018
AE-20260312-0148,2026-03-12 13:25:45,CLN-WET-01,,COMM-H-001,H,192,ACKNOWLEDGED,R-CLN-21,LOT-20260312-120
AE-20260312-0149,2026-03-12 14:13:29,IMP-HCI-01,,COMM-W-001,W,109,CLEARED,R-HCI-27,LOT-20260312-186
AE-20260312-0150,2026-03-12 17:52:33,IMP-HCI-01,,COMM-W-002,W,12,CLEARED,R-HCI-23,LOT-20260312-061
AE-20260312-0151,2026-03-12 20:18:24,DIFF-FUR-01,Z3,REC-W-001,W,92,CLEARED,,LOT-20260312-094
AE-20260313-0152,2026-03-13 03:34:18,THIN-CVD-02,CH-A,COMM-W-002,W,113,CLEARED,,LOT-20260313-160
AE-20260313-0153,2026-03-13 06:13:20,IMP-MCI-01,,COMM-H-001,H,148,CLEARED,,LOT-20260313-082
AE-20260313-0154,2026-03-13 08:10:54,MTL-INS-01,,COMM-M-001,M,272,CLEARED,R-INS-06,
AE-20260313-0155,2026-03-13 09:39:16,PHOTO-CTR-01,,MECH-H-001,H,467,CLEARED,R-CTR-01,
AE-20260313-0156,2026-03-13 15:55:07,IMP-HCI-01,,COMM-W-001,W,80,CLEARED,R-HCI-17,
AE-20260313-0157,2026-03-13 23:54:46,THIN-CVD-02,CH-A,MECH-H-001,H,249,CLEARED,R-CVD-27,LOT-20260313-061
AE-20260314-0158,2026-03-14 03:00:35,THIN-CVD-01,CH-B,FLOW-W-001,W,97,CLEARED,R-CVD-01,LOT-20260314-144
AE-20260314-0159,2026-03-14 19:36:28,THIN-CVD-02,CH-A,TEMP-H-001,H,707,CLEARED,R-CVD-05,LOT-20260314-113
AE-20260314-0160,2026-03-14 19:39:38,DIFF-FUR-01,Z3,COMM-M-001,M,224,CLEARED,R-FUR-03,LOT-20260314-126
AE-20260314-0161,2026-03-14 22:18:25,ETCH-WET-01,,REC-W-001,W,103,CLEARED,R-WET-11,LOT-20260314-182
AE-20260315-0162,2026-03-15 01:56:36,MTL-INS-01,,MECH-H-001,H,44,OPEN,R-INS-11,LOT-20260315-097
AE-20260315-0163,2026-03-15 02:00:39,THIN-CVD-03,CH-A,COMM-W-002,W,106,CLEARED,R-CVD-30,LOT-20260315-009
AE-20260315-0164,2026-03-15 08:41:47,PHOTO-SCN-01,,COMM-W-001,W,78,CLEARED,R-SCN-08,LOT-20260315-156
AE-20260315-0165,2026-03-15 14:01:36,MTL-MES-01,,COMM-H-001,H,302,CLEARED,R-MES-29,
AE-20260315-0166,2026-03-15 17:49:23,DIFF-FUR-02,Z5,GAS-H-001,H,300,CLEARED,R-FUR-08,LOT-20260315-147
AE-20260315-0167,2026-03-15 21:38:33,THIN-CVD-03,CH-A,REC-W-001,W,117,CLEARED,,LOT-20260315-150
AE-20260315-0168,2026-03-15 23:18:13,MTL-MES-01,,COMM-W-001,W,30,ACKNOWLEDGED,R-MES-04,
AE-20260316-0169,2026-03-16 13:09:27,ETCH-WET-01,,CHEM-W-001,W,56,CLEARED,R-WET-03,
AE-20260316-0170,2026-03-16 21:19:15,PHOTO-CTR-02,,CHEM-W-001,W,85,CLEARED,R-CTR-12,LOT-20260316-115
AE-20260317-0171,2026-03-17 06:37:36,PHOTO-SCN-01,,COMM-H-001,H,36,CLEARED,R-SCN-14,
AE-20260317-0172,2026-03-17 09:30:38,CLN-WET-02,,CHEM-H-001,H,310,CLEARED,R-CLN-16,LOT-20260317-047
AE-20260318-0173,2026-03-18 00:44:45,THIN-CVD-02,CH-A,VAC-M-001,M,40,CLEARED,,
AE-20260318-0174,2026-03-18 05:32:03,PHOTO-CTR-01,,CHEM-W-001,W,103,CLEARED,R-CTR-04,
AE-20260318-0175,2026-03-18 09:00:33,THIN-CVD-01,CH-A,COMM-W-002,W,65,CLEARED,R-CVD-05,LOT-20260318-199
AE-20260318-0176,2026-03-18 10:12:40,THIN-PVD-01,CH-B,REC-W-001,W,35,CLEARED,,LOT-20260318-060
AE-20260318-0177,2026-03-18 10:18:22,MTL-MES-02,,COMM-W-001,W,57,CLEARED,R-MES-01,LOT-20260318-167
AE-20260319-0178,2026-03-19 03:41:02,CLN-WET-01,,REC-W-001,W,67,CLEARED,R-CLN-24,LOT-20260319-051
AE-20260319-0179,2026-03-19 09:38:57,THIN-CVD-02,CH-B,FLOW-M-001,M,270,CLEARED,,LOT-20260319-013
AE-20260319-0180,2026-03-19 11:00:40,THIN-CVD-01,CH-A,RF-M-001,M,158,CLEARED,R-CVD-22,
AE-20260319-0181,2026-03-19 18:00:25,ETCH-DRY-01,CH-B,TEMP-W-001,W,62,CLEARED,R-DRY-01,LOT-20260319-095
AE-20260320-0182,2026-03-20 03:59:53,ETCH-DRY-03,CH-A,VAC-W-001,W,25,CLEARED,R-DRY-02,
AE-20260320-0183,2026-03-20 06:02:51,CMP-POL-03,,REC-W-001,W,86,CLEARED,R-POL-08,LOT-20260320-130
AE-20260320-0184,2026-03-20 17:05:57,THIN-PVD-02,CH-A,COMM-W-001,W,59,CLEARED,R-PVD-02,LOT-20260320-154
AE-20260320-0185,2026-03-20 19:43:38,DIFF-FUR-01,Z4,GAS-M-001,M,244,ACKNOWLEDGED,,
AE-20260320-0186,2026-03-20 21:38:35,ETCH-WET-01,,MECH-H-001,H,481,CLEARED,,
AE-20260321-0187,2026-03-21 00:11:17,MTL-INS-02,,COMM-M-001,M,81,CLEARED,R-INS-06,LOT-20260321-066
AE-20260321-0188,2026-03-21 11:43:29,THIN-PVD-01,CH-A,RF-M-001,M,255,CLEARED,R-PVD-11,LOT-20260321-194
AE-20260321-0189,2026-03-21 11:54:31,IMP-HCI-02,,COMM-H-001,H,785,CLEARED,R-HCI-21,LOT-20260321-156
AE-20260321-0190,2026-03-21 16:51:02,DIFF-FUR-02,Z1,COMM-W-002,W,117,CLEARED,R-FUR-05,
AE-20260321-0191,2026-03-21 19:31:05,ETCH-DRY-03,CH-D,FLOW-W-001,W,16,CLEARED,R-DRY-08,
AE-20260321-0192,2026-03-21 20:10:12,THIN-CVD-02,CH-A,RF-W-001,W,6,CLEARED,R-CVD-18,LOT-20260321-012
AE-20260323-0193,2026-03-23 10:29:02,DIFF-FUR-01,Z2,FLOW-W-001,W,111,CLEARED,R-FUR-12,LOT-20260323-024
AE-20260323-0194,2026-03-23 14:56:28,ETCH-DRY-01,CH-B,VAC-H-001,H,354,CLEARED,R-DRY-06,
AE-20260323-0195,2026-03-23 20:56:37,THIN-CVD-02,CH-B,VAC-W-001,W,102,CLEARED,,
AE-20260324-0196,2026-03-24 01:31:42,PHOTO-CTR-01,,COMM-W-001,W,14,CLEARED,R-CTR-03,
AE-20260324-0197,2026-03-24 01:49:46,THIN-CVD-02,CH-B,VAC-W-001,W,113,CLEARED,R-CVD-06,
AE-20260324-0198,2026-03-24 03:04:19,DIFF-FUR-02,Z5,GAS-M-001,M,173,CLEARED,,LOT-20260324-020
AE-20260324-0199,2026-03-24 03:45:08,MTL-MES-02,,MECH-H-001,H,315,CLEARED,R-MES-04,
AE-20260324-0200,2026-03-24 08:43:37,CLN-WET-02,,CHEM-W-001,W,38,CLEARED,,
AE-20260324-0201,2026-03-24 10:07:55,CLN-WET-01,,CHEM-H-001,H,30,ACKNOWLEDGED,R-CLN-14,LOT-20260324-131
AE-20260325-0202,2026-03-25 00:01:14,CMP-POL-01,,COMM-H-001,H,596,CLEARED,,
AE-20260325-0203,2026-03-25 05:43:25,THIN-CVD-02,CH-B,FLOW-M-001,M,202,CLEARED,,
AE-20260325-0204,2026-03-25 09:16:26,IMP-HCI-02,,MECH-M-001,M,164,CLEARED,R-HCI-01,LOT-20260325-124
AE-20260325-0205,2026-03-25 15:42:24,ETCH-WET-01,,CHEM-W-001,W,50,CLEARED,R-WET-16,
AE-20260325-0206,2026-03-25 22:00:11,THIN-CVD-02,CH-B,MECH-W-001,W,113,CLEARED,,
AE-20260326-0207,2026-03-26 00:50:59,THIN-CVD-01,CH-B,PRES-W-001,W,76,CLEARED,R-CVD-29,LOT-20260326-110
AE-20260326-0208,2026-03-26 05:37:51,ETCH-DRY-02,CH-B,PRES-C-001,C,1448,CLEARED,,
AE-20260326-0209,2026-03-26 05:46:54,IMP-HCI-02,,MECH-H-001,H,579,ACKNOWLEDGED,R-HCI-22,
AE-20260326-0210,2026-03-26 13:58:55,THIN-CVD-02,CH-B,VAC-W-001,W,18,CLEARED,,LOT-20260326-133
AE-20260326-0211,2026-03-26 14:50:29,THIN-CVD-02,CH-B,PRES-H-001,H,335,ACKNOWLEDGED,,LOT-20260326-076
AE-20260327-0212,2026-03-27 02:29:06,MTL-MES-01,,MECH-H-001,H,773,CLEARED,R-MES-25,LOT-20260327-114
AE-20260327-0213,2026-03-27 07:42:59,DIFF-FUR-01,Z4,COMM-H-001,H,375,CLEARED,R-FUR-08,LOT-20260327-113
AE-20260327-0214,2026-03-27 10:04:24,DIFF-FUR-02,Z1,COMM-W-001,W,37,ACKNOWLEDGED,R-FUR-28,LOT-20260327-101
AE-20260327-0215,2026-03-27 11:18:21,IMP-HCI-02,,REC-H-001,H,605,CLEARED,R-HCI-24,LOT-20260327-069
AE-20260327-0216,2026-03-27 12:40:13,PHOTO-CTR-01,,COMM-W-001,W,87,OPEN,R-CTR-01,LOT-20260327-069
AE-20260328-0217,2026-03-28 03:11:54,MTL-MES-01,,COMM-W-001,W,77,CLEARED,,LOT-20260328-042
AE-20260328-0218,2026-03-28 10:57:47,DIFF-RTP-01,CH-A,TEMP-M-001,M,253,CLEARED,R-RTP-13,
AE-20260328-0219,2026-03-28 13:39:44,CMP-POL-02,,REC-H-001,H,76,CLEARED,,LOT-20260328-083
AE-20260328-0220,2026-03-28 16:58:42,THIN-CVD-02,CH-A,PRES-M-001,M,150,CLEARED,R-CVD-08,LOT-20260328-164
AE-20260328-0221,2026-03-28 19:11:35,THIN-PVD-02,CH-B,VAC-M-001,M,152,CLEARED,,
AE-20260328-0222,2026-03-28 21:36:14,THIN-CVD-03,CH-A,VAC-M-001,M,150,CLEARED,R-CVD-14,LOT-20260328-055
AE-20260329-0223,2026-03-29 00:43:50,ETCH-DRY-03,CH-A,COMM-W-002,W,118,CLEARED,,LOT-20260329-149
AE-20260329-0224,2026-03-29 01:41:39,ETCH-DRY-03,CH-B,FLOW-M-001,M,172,CLEARED,R-DRY-18,LOT-20260329-055
AE-20260329-0225,2026-03-29 03:10:03,IMP-HCI-02,,REC-W-001,W,101,CLEARED,R-HCI-15,
AE-20260329-0226,2026-03-29 04:21:36,CLN-WET-01,,REC-W-001,W,83,CLEARED,R-CLN-29,LOT-20260329-020
AE-20260329-0227,2026-03-29 15:03:00,DIFF-FUR-02,Z3,FLOW-W-001,W,57,CLEARED,R-FUR-08,
AE-20260329-0228,2026-03-29 15:56:29,CMP-POL-01,,MECH-W-001,W,103,ACKNOWLEDGED,,LOT-20260329-200
AE-20260329-0229,2026-03-29 16:55:11,CMP-POL-03,,REC-W-001,W,50,CLEARED,,
AE-20260329-0230,2026-03-29 17:37:24,DIFF-FUR-02,Z4,COMM-M-001,M,157,ACKNOWLEDGED,R-FUR-03,LOT-20260329-115
AE-20260329-0231,2026-03-29 18:33:33,ETCH-DRY-03,CH-B,VAC-W-001,W,6,CLEARED,R-DRY-09,LOT-20260329-032
AE-20260329-0232,2026-03-29 21:27:16,ETCH-DRY-02,CH-A,COMM-W-002,W,73,CLEARED,R-DRY-01,LOT-20260329-011
AE-20260329-0233,2026-03-29 22:26:31,PHOTO-CTR-02,,CHEM-W-001,W,7,CLEARED,R-CTR-23,
AE-20260330-0234,2026-03-30 02:27:42,CMP-POL-02,,REC-W-001,W,67,CLEARED,R-POL-27,LOT-20260330-087
AE-20260330-0235,2026-03-30 02:42:49,PHOTO-SCN-01,,COMM-W-001,W,26,CLEARED,,LOT-20260330-083
AE-20260330-0236,2026-03-30 07:46:54,THIN-CVD-02,CH-A,TEMP-M-001,M,268,CLEARED,R-CVD-21,LOT-20260330-067
AE-20260330-0237,2026-03-30 11:11:15,MTL-INS-01,,COMM-M-001,M,152,OPEN,R-INS-01,
AE-20260330-0238,2026-03-30 13:25:50,IMP-HCI-01,,COMM-M-001,M,55,CLEARED,R-HCI-21,
AE-20260330-0239,2026-03-30 15:12:27,ETCH-DRY-02,CH-A,GAS-W-001,W,113,CLEARED,R-DRY-12,LOT-20260330-151
AE-20260330-0240,2026-03-30 23:37:46,DIFF-FUR-02,Z5,REC-W-001,W,87,CLEARED,R-FUR-09,LOT-20260330-169
AE-20260331-0241,2026-03-31 01:35:08,MTL-MES-01,,COMM-M-001,M,89,ACKNOWLEDGED,R-MES-11,
AE-20260331-0242,2026-03-31 09:31:45,PHOTO-CTR-02,,MECH-H-001,H,502,CLEARED,R-CTR-15,LOT-20260331-138
AE-20260331-0243,2026-03-31 09:57:09,MTL-INS-02,,COMM-W-001,W,27,CLEARED,,
AE-20260331-0244,2026-03-31 13:37:21,PHOTO-CTR-01,,CHEM-W-001,W,30,ACKNOWLEDGED,R-CTR-18,
AE-20260331-0245,2026-03-31 13:52:42,THIN-CVD-03,CH-A,RF-W-001,W,93,CLEARED,R-CVD-04,
AE-20260331-0246,2026-03-31 21:18:36,ETCH-DRY-03,CH-D,RF-M-001,M,254,CLEARED,R-DRY-16,LOT-20260331-086
AE-20260331-0247,2026-03-31 21:37:57,CLN-WET-01,,COMM-M-001,M,202,CLEARED,R-CLN-18,
AE-20260331-0248,2026-03-31 23:12:30,ETCH-DRY-03,CH-C,MECH-W-001,W,102,ACKNOWLEDGED,R-DRY-13,
AE-20260331-0249,2026-03-31 23:27:23,THIN-PVD-01,CH-C,VAC-H-001,H,104,CLEARED,,
AE-20260401-0250,2026-04-01 02:08:38,MTL-INS-02,,COMM-M-001,M,196,CLEARED,,
AE-20260401-0251,2026-04-01 04:40:23,MTL-INS-01,,COMM-M-001,M,140,CLEARED,R-INS-02,LOT-20260401-106
AE-20260401-0252,2026-04-01 09:48:08,PHOTO-CTR-01,,COMM-M-001,M,73,CLEARED,R-CTR-05,
AE-20260401-0253,2026-04-01 10:17:33,PHOTO-CTR-01,,REC-W-001,W,96,CLEARED,R-CTR-25,LOT-20260401-147
AE-20260401-0254,2026-04-01 14:24:42,PHOTO-SCN-01,,COMM-M-001,M,12,CLEARED,,LOT-20260401-121
AE-20260401-0255,2026-04-01 16:17:47,PHOTO-SCN-03,,REC-W-001,W,13,CLEARED,,LOT-20260401-032
AE-20260401-0256,2026-04-01 20:08:35,PHOTO-CTR-02,,REC-H-001,H,783,CLEARED,R-CTR-11,LOT-20260401-104
AE-20260402-0257,2026-04-02 14:17:46,IMP-HCI-01,,VAC-H-001,H,503,CLEARED,R-HCI-20,LOT-20260402-105
AE-20260402-0258,2026-04-02 17:18:21,DIFF-FUR-02,Z4,FLOW-W-001,W,33,CLEARED,R-FUR-24,LOT-20260402-083
AE-20260402-0259,2026-04-02 19:53:03,THIN-CVD-02,CH-A,PRES-W-001,W,111,ACKNOWLEDGED,,
AE-20260402-0260,2026-04-02 21:50:37,IMP-HCI-01,,DOSE-W-001,W,15,CLEARED,,LOT-20260402-146
AE-20260402-0261,2026-04-02 22:00:10,PHOTO-CTR-01,,REC-W-001,W,43,CLEARED,R-CTR-13,LOT-20260402-169
AE-20260402-0262,2026-04-02 23:40:06,THIN-CVD-02,CH-A,PRES-M-001,M,97,CLEARED,,
AE-20260403-0263,2026-04-03 00:55:04,IMP-HCI-02,,HV-W-001,W,11,CLEARED,,LOT-20260403-042
AE-20260403-0264,2026-04-03 02:15:56,ETCH-DRY-01,CH-A,FLOW-M-001,M,271,CLEARED,R-DRY-13,LOT-20260403-058
AE-20260403-0265,2026-04-03 09:22:15,THIN-CVD-02,CH-A,TEMP-W-001,W,58,CLEARED,R-CVD-05,LOT-20260403-135
AE-20260403-0266,2026-04-03 15:09:16,DIFF-FUR-02,Z2,FLOW-H-001,H,115,ACKNOWLEDGED,R-FUR-27,LOT-20260403-072
AE-20260403-0267,2026-04-03 21:50:00,IMP-HCI-01,,DOSE-W-001,W,105,OPEN,R-HCI-26,LOT-20260403-073
AE-20260404-0268,2026-04-04 03:16:38,ETCH-DRY-03,CH-A,MECH-W-001,W,58,CLEARED,R-DRY-07,LOT-20260404-199
AE-20260404-0269,2026-04-04 14:33:41,ETCH-DRY-01,CH-B,MECH-W-001,W,21,CLEARED,R-DRY-13,LOT-20260404-175
AE-20260404-0270,2026-04-04 17:06:22,IMP-MCI-01,,DOSE-W-001,W,57,CLEARED,R-MCI-25,LOT-20260404-098
AE-20260405-0271,2026-04-05 01:08:22,ETCH-WET-01,,REC-M-001,M,187,ACKNOWLEDGED,R-WET-23,LOT-20260405-014
AE-20260405-0272,2026-04-05 06:09:41,ETCH-DRY-03,CH-A,RF-M-001,M,164,CLEARED,R-DRY-02,
AE-20260406-0273,2026-04-06 09:21:01,DIFF-FUR-03,Z2,REC-H-001,H,154,CLEARED,R-FUR-07,
AE-20260406-0274,2026-04-06 10:54:09,PHOTO-SCN-02,,REC-M-001,M,208,ACKNOWLEDGED,,
AE-20260406-0275,2026-04-06 15:45:05,PHOTO-SCN-01,,COMM-W-001,W,63,CLEARED,R-SCN-08,
AE-20260406-0276,2026-04-06 23:55:39,DIFF-FUR-02,Z5,GAS-W-001,W,94,CLEARED,R-FUR-16,LOT-20260406-054
AE-20260407-0277,2026-04-07 00:46:24,CLN-WET-01,,REC-H-001,H,558,CLEARED,,
AE-20260407-0278,2026-04-07 03:54:09,DIFF-FUR-02,Z4,GAS-H-001,H,250,CLEARED,R-FUR-27,
AE-20260407-0279,2026-04-07 11:13:13,ETCH-DRY-02,CH-A,COMM-H-001,H,393,CLEARED,R-DRY-18,
AE-20260407-0280,2026-04-07 16:39:56,DIFF-FUR-02,Z4,REC-W-001,W,48,CLEARED,,
AE-20260407-0281,2026-04-07 18:04:31,DIFF-FUR-01,Z1,FLOW-W-001,W,95,CLEARED,R-FUR-22,LOT-20260407-194
AE-20260407-0282,2026-04-07 19:29:19,DIFF-FUR-01,Z3,FLOW-W-001,W,92,CLEARED,R-FUR-05,LOT-20260407-089
AE-20260408-0283,2026-04-08 09:20:24,DIFF-FUR-01,Z2,FLOW-H-001,H,60,CLEARED,,
AE-20260408-0284,2026-04-08 09:36:59,CLN-WET-02,,COMM-M-001,M,190,CLEARED,R-CLN-28,LOT-20260408-022
AE-20260408-0285,2026-04-08 14:34:21,ETCH-DRY-03,CH-C,PRES-M-001,M,19,CLEARED,,LOT-20260408-158
AE-20260408-0286,2026-04-08 16:15:21,THIN-PVD-02,CH-B,COMM-M-001,M,74,CLEARED,,LOT-20260408-005
AE-20260408-0287,2026-04-08 18:17:29,THIN-CVD-02,CH-A,MECH-M-001,M,279,CLEARED,,LOT-20260408-152
AE-20260408-0288,2026-04-08 19:23:00,ETCH-DRY-03,CH-B,RF-W-001,W,99,ACKNOWLEDGED,R-DRY-08,LOT-20260408-021
AE-20260408-0289,2026-04-08 21:26:52,MTL-INS-02,,COMM-H-001,H,671,CLEARED,,LOT-20260408-137
AE-20260408-0290,2026-04-08 21:38:43,ETCH-DRY-03,CH-A,RF-M-001,M,189,CLEARED,,LOT-20260408-098
AE-20260408-0291,2026-04-08 22:50:21,THIN-CVD-01,CH-B,MECH-W-001,W,39,CLEARED,R-CVD-23,LOT-20260408-076
AE-20260408-0292,2026-04-08 23:50:11,IMP-HCI-01,,REC-M-001,M,78,CLEARED,R-HCI-22,LOT-20260408-011
AE-20260409-0293,2026-04-09 13:36:25,PHOTO-SCN-01,,REC-M-001,M,140,CLEARED,,
AE-20260409-0294,2026-04-09 20:53:30,PHOTO-SCN-01,,MECH-H-001,H,754,CLEARED,R-SCN-25,LOT-20260409-036
AE-20260410-0295,2026-04-10 04:11:19,MTL-MES-01,,COMM-M-001,M,256,OPEN,,
AE-20260410-0296,2026-04-10 17:22:26,DIFF-FUR-02,Z3,REC-W-001,W,36,CLEARED,R-FUR-25,LOT-20260410-192
AE-20260411-0297,2026-04-11 01:35:01,DIFF-RTP-01,CH-A,TEMP-M-001,M,213,ACKNOWLEDGED,R-RTP-23,
AE-20260411-0298,2026-04-11 02:40:29,THIN-CVD-02,CH-B,GAS-W-001,W,70,ACKNOWLEDGED,R-CVD-20,LOT-20260411-157
AE-20260411-0299,2026-04-11 04:15:20,MTL-MES-02,,COMM-M-001,M,204,CLEARED,,LOT-20260411-033
AE-20260411-0300,2026-04-11 04:21:14,THIN-PVD-02,CH-A,MECH-H-001,H,217,CLEARED,,
AE-20260411-0301,2026-04-11 08:23:51,ETCH-WET-01,,COMM-M-001,M,208,CLEARED,R-WET-10,
AE-20260411-0302,2026-04-11 17:44:18,THIN-CVD-03,CH-A,RF-H-001,H,518,CLEARED,,LOT-20260411-174
AE-20260411-0303,2026-04-11 20:52:37,THIN-CVD-03,CH-A,REC-M-001,M,187,ACKNOWLEDGED,,LOT-20260411-104
AE-20260411-0304,2026-04-11 22:13:53,MTL-INS-01,,COMM-M-001,M,41,CLEARED,R-INS-07,LOT-20260411-144
AE-20260411-0305,2026-04-11 22:37:40,THIN-CVD-01,CH-B,RF-M-001,M,72,CLEARED,,
AE-20260412-0306,2026-04-12 04:14:24,CLN-WET-01,,COMM-M-001,M,36,CLEARED,R-CLN-30,LOT-20260412-007
AE-20260412-0307,2026-04-12 04:30:49,THIN-CVD-03,CH-A,VAC-M-001,M,65,CLEARED,,
AE-20260412-0308,2026-04-12 06:13:05,DIFF-FUR-02,Z1,COMM-W-001,W,42,ACKNOWLEDGED,,LOT-20260412-154
AE-20260412-0309,2026-04-12 13:21:26,THIN-CVD-03,CH-A,MECH-W-001,W,78,CLEARED,R-CVD-27,
AE-20260412-0310,2026-04-12 16:41:06,PHOTO-SCN-02,,REC-W-001,W,104,CLEARED,R-SCN-25,
AE-20260412-0311,2026-04-12 18:04:00,CMP-POL-03,,COMM-M-001,M,247,CLEARED,,LOT-20260412-043
AE-20260412-0312,2026-04-12 18:34:31,CLN-WET-02,,CHEM-W-001,W,26,CLEARED,,
AE-20260412-0313,2026-04-12 20:56:17,ETCH-DRY-01,CH-B,RF-H-001,H,428,CLEARED,,
AE-20260413-0314,2026-04-13 02:20:48,MTL-INS-01,,COMM-M-001,M,223,ACKNOWLEDGED,,LOT-20260413-200
AE-20260413-0315,2026-04-13 07:07:47,CLN-WET-02,,CHEM-W-001,W,104,CLEARED,,
AE-20260413-0316,2026-04-13 15:22:55,THIN-CVD-01,CH-B,TEMP-M-001,M,247,CLEARED,,LOT-20260413-039
AE-20260413-0317,2026-04-13 18:09:33,ETCH-DRY-03,CH-D,TEMP-W-001,W,74,CLEARED,,LOT-20260413-088
AE-20260413-0318,2026-04-13 18:23:54,THIN-CVD-01,CH-A,PRES-C-001,C,1292,CLEARED,,LOT-20260413-179
AE-20260413-0319,2026-04-13 20:13:17,THIN-CVD-02,CH-B,GAS-M-001,M,163,CLEARED,R-CVD-09,LOT-20260413-028
AE-20260414-0320,2026-04-14 06:45:55,IMP-MCI-01,,MECH-H-001,H,764,CLEARED,,
AE-20260414-0321,2026-04-14 08:43:13,CMP-POL-01,,COMM-W-001,W,108,CLEARED,R-POL-06,LOT-20260414-061
AE-20260414-0322,2026-04-14 13:20:01,CMP-POL-01,,REC-H-001,H,824,CLEARED,,
AE-20260415-0323,2026-04-15 03:54:47,PHOTO-CTR-02,,REC-M-001,M,68,CLEARED,R-CTR-08,
AE-20260415-0324,2026-04-15 12:16:46,CLN-WET-01,,REC-W-001,W,54,CLEARED,,
AE-20260415-0325,2026-04-15 14:32:45,CMP-POL-03,,CHEM-W-001,W,58,CLEARED,R-POL-20,
AE-20260415-0326,2026-04-15 18:25:57,IMP-MCI-01,,REC-H-001,H,595,CLEARED,R-MCI-09,
AE-20260416-0327,2026-04-16 03:27:29,IMP-HCI-02,,REC-H-001,H,423,CLEARED,R-HCI-06,
AE-20260416-0328,2026-04-16 05:00:10,ETCH-DRY-02,CH-B,COMM-W-001,W,33,CLEARED,R-DRY-30,
AE-20260416-0329,2026-04-16 06:25:16,CLN-WET-01,,REC-H-001,H,315,CLEARED,R-CLN-20,LOT-20260416-092
AE-20260416-0330,2026-04-16 06:29:57,THIN-CVD-02,CH-B,COMM-W-001,W,50,CLEARED,R-CVD-17,
AE-20260416-0331,2026-04-16 08:11:28,PHOTO-CTR-01,,CHEM-W-001,W,103,CLEARED,R-CTR-16,LOT-20260416-132
AE-20260416-0332,2026-04-16 09:10:16,DIFF-FUR-02,Z2,GAS-H-001,H,300,ACKNOWLEDGED,R-FUR-22,
AE-20260416-0333,2026-04-16 13:17:21,IMP-MCI-01,,REC-H-001,H,218,CLEARED,R-MCI-10,LOT-20260416-041
AE-20260416-0334,2026-04-16 15:23:56,ETCH-DRY-03,CH-A,MECH-M-001,M,153,ACKNOWLEDGED,,LOT-20260416-199
AE-20260416-0335,2026-04-16 16:48:44,ETCH-DRY-01,CH-A,FLOW-W-001,W,26,CLEARED,,LOT-20260416-045
AE-20260416-0336,2026-04-16 22:20:27,CMP-POL-03,,COMM-H-001,H,237,CLEARED,R-POL-08,
AE-20260417-0337,2026-04-17 07:56:32,MTL-MES-02,,COMM-W-001,W,47,CLEARED,,LOT-20260417-030
AE-20260417-0338,2026-04-17 20:21:55,DIFF-FUR-01,Z3,FLOW-W-001,W,71,CLEARED,R-FUR-25,LOT-20260417-183
AE-20260417-0339,2026-04-17 22:20:46,THIN-CVD-02,CH-A,VAC-W-001,W,34,ACKNOWLEDGED,,
AE-20260418-0340,2026-04-18 02:54:35,DIFF-RTP-01,CH-A,TEMP-M-001,M,298,CLEARED,R-RTP-23,
AE-20260418-0341,2026-04-18 05:30:27,CMP-POL-02,,CHEM-W-001,W,67,CLEARED,R-POL-03,LOT-20260418-166
AE-20260418-0342,2026-04-18 09:24:05,MTL-MES-02,,COMM-M-001,M,282,CLEARED,R-MES-06,LOT-20260418-136
AE-20260419-0343,2026-04-19 00:03:45,ETCH-DRY-01,CH-B,COMM-W-001,W,38,ACKNOWLEDGED,R-DRY-17,
AE-20260419-0344,2026-04-19 17:53:46,PHOTO-SCN-02,,REC-W-001,W,118,CLEARED,R-SCN-25,LOT-20260419-046
AE-20260420-0345,2026-04-20 05:13:10,CMP-POL-02,,COMM-M-001,M,299,ACKNOWLEDGED,,LOT-20260420-090
AE-20260420-0346,2026-04-20 07:37:44,THIN-CVD-02,CH-A,RF-W-001,W,73,CLEARED,R-CVD-04,
AE-20260420-0347,2026-04-20 13:11:31,CMP-POL-01,,MECH-W-001,W,36,ACKNOWLEDGED,R-POL-14,LOT-20260420-124
AE-20260420-0348,2026-04-20 15:35:19,DIFF-FUR-02,Z1,GAS-M-001,M,155,CLEARED,R-FUR-21,
AE-20260420-0349,2026-04-20 22:23:49,PHOTO-CTR-01,,TEMP-M-001,M,78,CLEARED,R-CTR-11,LOT-20260420-025
AE-20260421-0350,2026-04-21 00:36:30,THIN-CVD-02,CH-B,GAS-M-001,M,190,ACKNOWLEDGED,,
AE-20260421-0351,2026-04-21 05:17:48,IMP-MCI-01,,COMM-M-001,M,189,CLEARED,R-MCI-11,LOT-20260421-101
AE-20260421-0352,2026-04-21 05:40:12,IMP-MCI-01,,MECH-M-001,M,34,CLEARED,R-MCI-15,LOT-20260421-124
AE-20260421-0353,2026-04-21 08:43:09,THIN-CVD-02,CH-A,VAC-M-001,M,56,OPEN,,LOT-20260421-035
AE-20260421-0354,2026-04-21 09:20:55,PHOTO-SCN-01,,REC-W-001,W,80,CLEARED,R-SCN-09,LOT-20260421-119
AE-20260421-0355,2026-04-21 11:07:31,PHOTO-SCN-03,,REC-W-001,W,87,CLEARED,R-SCN-18,
AE-20260421-0356,2026-04-21 12:38:31,THIN-CVD-02,CH-A,PRES-M-001,M,199,CLEARED,R-CVD-03,
AE-20260421-0357,2026-04-21 16:42:49,THIN-CVD-01,CH-A,FLOW-W-001,W,65,ACKNOWLEDGED,,LOT-20260421-062
AE-20260421-0358,2026-04-21 21:33:51,IMP-MCI-01,,HV-W-001,W,87,CLEARED,R-MCI-16,LOT-20260421-038
AE-20260422-0359,2026-04-22 01:17:18,ETCH-DRY-03,CH-A,GAS-M-001,M,49,CLEARED,R-DRY-30,LOT-20260422-153
AE-20260422-0360,2026-04-22 05:48:50,ETCH-DRY-01,CH-B,MECH-W-001,W,23,CLEARED,R-DRY-20,LOT-20260422-089
AE-20260422-0361,2026-04-22 07:05:09,THIN-CVD-02,CH-B,PRES-M-001,M,291,CLEARED,R-CVD-16,LOT-20260422-150
AE-20260422-0362,2026-04-22 10:57:38,PHOTO-CTR-02,,CHEM-W-001,W,63,CLEARED,,LOT-20260422-086
AE-20260422-0363,2026-04-22 13:47:40,MTL-INS-01,,MECH-H-001,H,431,CLEARED,,LOT-20260422-195
AE-20260422-0364,2026-04-22 19:18:11,IMP-HCI-02,,VAC-H-001,H,436,CLEARED,,LOT-20260422-163
AE-20260423-0365,2026-04-23 04:34:27,THIN-PVD-01,CH-B,RF-H-001,H,677,CLEARED,,LOT-20260423-166
AE-20260423-0366,2026-04-23 07:36:28,ETCH-DRY-03,CH-B,COMM-M-001,M,25,CLEARED,R-DRY-21,
AE-20260423-0367,2026-04-23 15:35:57,THIN-CVD-02,CH-A,FLOW-W-001,W,77,CLEARED,,LOT-20260423-134
AE-20260423-0368,2026-04-23 15:49:17,CLN-WET-01,,COMM-W-001,W,104,CLEARED,R-CLN-22,LOT-20260423-044
AE-20260423-0369,2026-04-23 18:28:04,ETCH-DRY-01,CH-A,FLOW-H-001,H,812,CLEARED,R-DRY-14,LOT-20260423-135
AE-20260424-0370,2026-04-24 01:35:18,CLN-WET-01,,COMM-W-001,W,28,CLEARED,R-CLN-12,LOT-20260424-019
AE-20260424-0371,2026-04-24 04:36:05,PHOTO-CTR-01,,REC-H-001,H,99,CLEARED,,
AE-20260424-0372,2026-04-24 04:50:15,DIFF-FUR-02,Z3,REC-W-001,W,8,CLEARED,R-FUR-02,
AE-20260424-0373,2026-04-24 18:21:29,PHOTO-SCN-02,,REC-H-001,H,237,CLEARED,R-SCN-15,LOT-20260424-108
AE-20260425-0374,2026-04-25 01:38:56,PHOTO-SCN-02,,COMM-H-001,H,669,CLEARED,R-SCN-16,
AE-20260425-0375,2026-04-25 05:42:21,ETCH-WET-01,,REC-H-001,H,790,CLEARED,R-WET-08,
AE-20260425-0376,2026-04-25 06:17:39,PHOTO-CTR-02,,CHEM-W-001,W,89,CLEARED,R-CTR-21,
AE-20260425-0377,2026-04-25 19:20:55,CMP-POL-03,,REC-H-001,H,487,CLEARED,R-POL-28,
AE-20260425-0378,2026-04-25 22:11:38,CLN-WET-01,,COMM-W-001,W,120,CLEARED,R-CLN-13,
AE-20260426-0379,2026-04-26 01:34:00,THIN-CVD-01,CH-B,FLOW-M-001,M,65,CLEARED,R-CVD-03,LOT-20260426-184
AE-20260426-0380,2026-04-26 05:52:23,PHOTO-CTR-02,,CHEM-W-001,W,50,ACKNOWLEDGED,R-CTR-02,LOT-20260426-014
AE-20260426-0381,2026-04-26 05:57:32,ETCH-DRY-03,CH-D,RF-M-001,M,71,ACKNOWLEDGED,R-DRY-12,
AE-20260426-0382,2026-04-26 07:52:22,CMP-POL-01,,MECH-W-001,W,77,ACKNOWLEDGED,,
AE-20260426-0383,2026-04-26 09:38:51,IMP-MCI-01,,REC-W-001,W,20,CLEARED,R-MCI-22,LOT-20260426-182
AE-20260426-0384,2026-04-26 13:31:56,ETCH-WET-01,,REC-W-001,W,100,CLEARED,,
AE-20260426-0385,2026-04-26 15:41:46,CMP-POL-02,,COMM-M-001,M,292,CLEARED,R-POL-23,
AE-20260426-0386,2026-04-26 18:24:14,CMP-POL-02,,COMM-W-001,W,78,CLEARED,R-POL-23,
AE-20260426-0387,2026-04-26 21:04:52,ETCH-DRY-03,CH-B,MECH-M-001,M,64,CLEARED,,LOT-20260426-074
AE-20260426-0388,2026-04-26 22:18:30,THIN-CVD-03,CH-A,FLOW-W-001,W,21,CLEARED,R-CVD-12,
AE-20260427-0389,2026-04-27 00:05:56,MTL-INS-01,,MECH-H-001,H,118,ACKNOWLEDGED,R-INS-23,LOT-20260427-081
AE-20260427-0390,2026-04-27 04:22:17,DIFF-FUR-02,Z4,REC-W-001,W,6,CLEARED,R-FUR-07,LOT-20260427-080
AE-20260427-0391,2026-04-27 08:02:14,DIFF-FUR-01,Z5,REC-W-001,W,64,CLEARED,R-FUR-10,LOT-20260427-043
AE-20260427-0392,2026-04-27 09:27:43,THIN-PVD-01,CH-A,VAC-M-001,M,79,CLEARED,,LOT-20260427-169
AE-20260427-0393,2026-04-27 16:13:05,MTL-MES-01,,MECH-H-001,H,402,CLEARED,,LOT-20260427-107
AE-20260427-0394,2026-04-27 19:53:10,MTL-INS-02,,MECH-H-001,H,394,CLEARED,R-INS-20,
AE-20260428-0395,2026-04-28 04:17:06,PHOTO-SCN-01,,COMM-H-001,H,584,CLEARED,R-SCN-19,LOT-20260428-134
AE-20260428-0396,2026-04-28 09:45:12,ETCH-DRY-03,CH-B,FLOW-H-001,H,223,CLEARED,,LOT-20260428-133
AE-20260428-0397,2026-04-28 11:09:17,ETCH-WET-01,,REC-W-001,W,62,CLEARED,R-WET-23,LOT-20260428-166
AE-20260428-0398,2026-04-28 14:20:53,ETCH-WET-01,,COMM-W-001,W,78,CLEARED,R-WET-06,
AE-20260428-0399,2026-04-28 15:47:58,THIN-CVD-02,CH-B,PRES-H-001,H,820,CLEARED,,LOT-20260428-101
AE-20260428-0400,2026-04-28 16:29:57,THIN-PVD-02,CH-A,RF-W-001,W,94,CLEARED,R-PVD-03,LOT-20260428-090
AE-20260429-0401,2026-04-29 03:05:53,CMP-POL-02,,REC-W-001,W,68,CLEARED,R-POL-13,
AE-20260429-0402,2026-04-29 10:56:02,CMP-POL-01,,COMM-M-001,M,25,CLEARED,,LOT-20260429-119
AE-20260429-0403,2026-04-29 12:32:50,THIN-CVD-02,CH-A,COMM-W-002,W,78,CLEARED,R-CVD-07,
AE-20260430-0404,2026-04-30 00:33:43,CMP-POL-02,,REC-W-001,W,6,ACKNOWLEDGED,,
AE-20260430-0405,2026-04-30 04:48:24,MTL-MES-02,,COMM-M-001,M,280,CLEARED,R-MES-22,LOT-20260430-153
AE-20260430-0406,2026-04-30 06:58:11,THIN-PVD-01,CH-C,RF-M-001,M,121,CLEARED,R-PVD-13,LOT-20260430-010
AE-20260430-0407,2026-04-30 08:47:14,PHOTO-CTR-01,,TEMP-M-001,M,164,CLEARED,R-CTR-04,LOT-20260430-188
AE-20260430-0408,2026-04-30 16:12:52,DIFF-FUR-01,Z5,REC-H-001,H,802,CLEARED,R-FUR-16,LOT-20260430-042
AE-20260430-0409,2026-04-30 16:37:34,THIN-PVD-01,CH-A,COMM-W-001,W,52,CLEARED,R-PVD-17,LOT-20260430-087
AE-20260430-0410,2026-04-30 17:01:54,ETCH-DRY-03,CH-D,TEMP-H-001,H,277,CLEARED,R-DRY-24,LOT-20260430-005
AE-20260501-0411,2026-05-01 09:28:12,THIN-CVD-03,CH-A,VAC-M-001,M,137,CLEARED,,LOT-20260501-168
AE-20260501-0412,2026-05-01 10:47:06,MTL-INS-01,,COMM-M-001,M,194,CLEARED,,LOT-20260501-089
AE-20260501-0413,2026-05-01 12:58:11,THIN-CVD-03,CH-A,REC-M-001,M,13,CLEARED,,
AE-20260501-0414,2026-05-01 15:42:56,CLN-WET-01,,CHEM-W-001,W,15,CLEARED,R-CLN-07,LOT-20260501-113
AE-20260501-0415,2026-05-01 22:36:25,PHOTO-SCN-03,,COMM-W-001,W,23,CLEARED,R-SCN-19,
AE-20260502-0416,2026-05-02 01:31:23,DIFF-FUR-01,Z2,REC-M-001,M,210,CLEARED,R-FUR-24,LOT-20260502-078
AE-20260502-0417,2026-05-02 05:23:19,THIN-CVD-03,CH-A,REC-W-001,W,105,CLEARED,R-CVD-05,LOT-20260502-004
AE-20260502-0418,2026-05-02 05:39:14,IMP-MCI-01,,HV-W-001,W,64,CLEARED,R-MCI-01,LOT-20260502-140
AE-20260502-0419,2026-05-02 07:38:19,THIN-CVD-02,CH-B,COMM-W-001,W,41,CLEARED,R-CVD-08,LOT-20260502-124
AE-20260502-0420,2026-05-02 15:29:15,DIFF-RTP-01,CH-A,COMM-M-001,M,168,CLEARED,,LOT-20260502-046
AE-20260502-0421,2026-05-02 16:12:29,CMP-POL-03,,COMM-H-001,H,521,CLEARED,,LOT-20260502-012
AE-20260503-0422,2026-05-03 00:26:42,THIN-CVD-02,CH-A,VAC-W-001,W,33,ACKNOWLEDGED,R-CVD-06,
AE-20260503-0423,2026-05-03 02:28:53,PHOTO-CTR-02,,REC-M-001,M,163,CLEARED,R-CTR-06,LOT-20260503-059
AE-20260503-0424,2026-05-03 04:38:19,THIN-CVD-03,CH-A,MECH-W-001,W,116,CLEARED,R-CVD-17,LOT-20260503-186
AE-20260503-0425,2026-05-03 09:06:20,DIFF-FUR-03,Z2,TEMP-H-002,H,328,CLEARED,R-FUR-22,LOT-20260503-045
AE-20260503-0426,2026-05-03 15:47:28,PHOTO-CTR-01,,REC-H-001,H,468,CLEARED,R-CTR-29,LOT-20260503-040
AE-20260503-0427,2026-05-03 16:20:03,CMP-POL-03,,MECH-W-001,W,85,CLEARED,R-POL-28,
AE-20260504-0428,2026-05-04 02:52:37,DIFF-FUR-02,Z4,GAS-W-001,W,38,ACKNOWLEDGED,R-FUR-17,LOT-20260504-170
AE-20260504-0429,2026-05-04 04:37:50,DIFF-FUR-02,Z2,TEMP-M-001,M,204,CLEARED,R-FUR-27,LOT-20260504-041
AE-20260504-0430,2026-05-04 07:41:54,THIN-CVD-02,CH-B,VAC-H-001,H,349,CLEARED,,LOT-20260504-013
AE-20260504-0431,2026-05-04 14:48:38,THIN-CVD-01,CH-A,FLOW-H-001,H,853,CLEARED,R-CVD-07,
AE-20260504-0432,2026-05-04 21:39:16,CLN-WET-01,,REC-W-001,W,22,ACKNOWLEDGED,R-CLN-09,
AE-20260504-0433,2026-05-04 22:43:07,THIN-CVD-02,CH-A,GAS-W-001,W,97,CLEARED,R-CVD-21,
AE-20260504-0434,2026-05-04 23:45:23,DIFF-FUR-02,Z2,GAS-W-001,W,107,CLEARED,R-FUR-16,
AE-20260505-0435,2026-05-05 00:37:39,PHOTO-SCN-01,,REC-H-001,H,163,CLEARED,R-SCN-23,LOT-20260505-176
AE-20260505-0436,2026-05-05 13:04:31,ETCH-DRY-02,CH-B,GAS-H-001,H,622,CLEARED,R-DRY-16,
AE-20260505-0437,2026-05-05 14:45:06,MTL-INS-01,,COMM-M-001,M,148,CLEARED,R-INS-29,LOT-20260505-187
AE-20260506-0438,2026-05-06 07:31:13,CMP-POL-03,,CHEM-W-001,W,57,CLEARED,R-POL-27,
AE-20260506-0439,2026-05-06 07:32:36,IMP-MCI-01,,COMM-W-001,W,20,CLEARED,R-MCI-15,
AE-20260506-0440,2026-05-06 19:06:39,ETCH-DRY-03,CH-B,COMM-H-001,H,390,CLEARED,R-DRY-22,LOT-20260506-007
AE-20260506-0441,2026-05-06 19:34:02,DIFF-FUR-02,Z1,GAS-M-001,M,25,CLEARED,R-FUR-30,
AE-20260506-0442,2026-05-06 22:54:21,MTL-MES-01,,COMM-W-001,W,120,CLEARED,,LOT-20260506-083
AE-20260507-0443,2026-05-07 01:19:02,DIFF-FUR-02,Z5,TEMP-M-001,M,244,CLEARED,R-FUR-17,
AE-20260507-0444,2026-05-07 01:56:01,MTL-MES-02,,MECH-H-001,H,305,CLEARED,R-MES-27,LOT-20260507-034
AE-20260507-0445,2026-05-07 23:41:00,IMP-HCI-01,,DOSE-W-001,W,25,CLEARED,R-HCI-17,LOT-20260507-036
AE-20260508-0446,2026-05-08 01:05:52,THIN-CVD-02,CH-B,GAS-H-001,H,461,CLEARED,R-CVD-07,LOT-20260508-164
AE-20260508-0447,2026-05-08 03:39:13,DIFF-FUR-02,Z3,TEMP-W-001,W,41,CLEARED,,LOT-20260508-180
AE-20260508-0448,2026-05-08 04:28:51,THIN-PVD-01,CH-C,COMM-M-001,M,158,CLEARED,R-PVD-15,
AE-20260508-0449,2026-05-08 05:17:30,THIN-CVD-01,CH-B,VAC-W-001,W,113,ACKNOWLEDGED,,
AE-20260508-0450,2026-05-08 05:54:31,THIN-CVD-02,CH-A,MECH-W-001,W,41,CLEARED,R-CVD-06,LOT-20260508-157
AE-20260508-0451,2026-05-08 06:39:13,ETCH-DRY-02,CH-A,MECH-W-001,W,30,CLEARED,R-DRY-15,
AE-20260508-0452,2026-05-08 09:00:58,THIN-CVD-02,CH-B,COMM-M-001,M,250,CLEARED,R-CVD-01,LOT-20260508-032
AE-20260508-0453,2026-05-08 13:01:31,MTL-MES-01,,MECH-H-001,H,890,CLEARED,R-MES-05,
AE-20260508-0454,2026-05-08 14:57:31,ETCH-DRY-03,CH-D,PRES-W-001,W,12,CLEARED,R-DRY-13,LOT-20260508-101
AE-20260508-0455,2026-05-08 17:53:31,PHOTO-CTR-02,,COMM-W-001,W,115,CLEARED,,LOT-20260508-197
AE-20260508-0456,2026-05-08 17:57:53,ETCH-DRY-01,CH-B,MECH-W-001,W,33,ACKNOWLEDGED,R-DRY-13,LOT-20260508-186
AE-20260508-0457,2026-05-08 18:18:32,DIFF-FUR-02,Z1,REC-M-001,M,285,CLEARED,R-FUR-15,LOT-20260508-059
AE-20260508-0458,2026-05-08 19:59:51,ETCH-DRY-02,CH-B,MECH-H-001,H,110,CLEARED,,LOT-20260508-070
AE-20260509-0459,2026-05-09 00:52:36,CLN-WET-01,,REC-W-001,W,8,CLEARED,,LOT-20260509-143
AE-20260509-0460,2026-05-09 02:55:05,MTL-MES-01,,COMM-W-001,W,48,ACKNOWLEDGED,,
AE-20260509-0461,2026-05-09 05:31:09,PHOTO-CTR-02,,COMM-M-001,M,227,CLEARED,,LOT-20260509-023
AE-20260509-0462,2026-05-09 12:56:56,DIFF-FUR-02,Z2,COMM-H-001,H,677,CLEARED,R-FUR-24,
AE-20260509-0463,2026-05-09 15:01:24,THIN-PVD-01,CH-C,COMM-M-001,M,208,CLEARED,R-PVD-02,LOT-20260509-196
AE-20260509-0464,2026-05-09 22:02:18,ETCH-DRY-01,CH-B,COMM-W-001,W,49,CLEARED,,
AE-20260510-0465,2026-05-10 01:30:10,ETCH-DRY-03,CH-A,TEMP-H-001,H,880,CLEARED,R-DRY-06,
AE-20260510-0466,2026-05-10 04:01:07,IMP-HCI-02,,MECH-H-001,H,397,CLEARED,R-HCI-06,LOT-20260510-098
AE-20260510-0467,2026-05-10 04:17:18,DIFF-RTP-01,CH-A,TEMP-H-001,H,206,CLEARED,R-RTP-30,LOT-20260510-171
AE-20260510-0468,2026-05-10 13:50:45,CMP-POL-02,,REC-W-001,W,31,CLEARED,R-POL-14,LOT-20260510-045
AE-20260510-0469,2026-05-10 15:57:07,PHOTO-SCN-01,,REC-M-001,M,17,ACKNOWLEDGED,R-SCN-18,
AE-20260510-0470,2026-05-10 17:04:41,ETCH-WET-01,,REC-W-001,W,35,OPEN,,LOT-20260510-125
AE-20260510-0471,2026-05-10 18:05:38,ETCH-DRY-03,CH-B,COMM-H-001,H,299,CLEARED,R-DRY-15,LOT-20260510-121
AE-20260511-0472,2026-05-11 08:36:19,THIN-CVD-02,CH-A,PRES-W-001,W,73,CLEARED,R-CVD-27,LOT-20260511-027
AE-20260511-0473,2026-05-11 14:07:53,CMP-POL-01,,COMM-W-001,W,71,CLEARED,,
AE-20260511-0474,2026-05-11 14:29:41,THIN-CVD-01,CH-A,FLOW-H-001,H,277,CLEARED,,LOT-20260511-073
AE-20260511-0475,2026-05-11 15:46:31,THIN-CVD-02,CH-B,VAC-W-001,W,83,CLEARED,,LOT-20260511-105
AE-20260511-0476,2026-05-11 17:23:46,CMP-POL-03,,REC-H-001,H,857,CLEARED,R-POL-22,
AE-20260511-0477,2026-05-11 18:52:04,DIFF-FUR-02,Z3,COMM-W-001,W,44,CLEARED,R-FUR-04,LOT-20260511-101
AE-20260511-0478,2026-05-11 21:54:49,IMP-HCI-01,,HV-W-001,W,50,CLEARED,,LOT-20260511-078
AE-20260511-0479,2026-05-11 23:42:40,THIN-CVD-03,CH-A,GAS-W-001,W,100,CLEARED,,
AE-20260512-0480,2026-05-12 05:29:57,PHOTO-SCN-01,,COMM-H-001,H,345,CLEARED,R-SCN-23,LOT-20260512-088
AE-20260512-0481,2026-05-12 09:57:35,ETCH-DRY-03,CH-C,RF-H-001,H,577,CLEARED,,LOT-20260512-184
AE-20260512-0482,2026-05-12 10:00:24,MTL-INS-02,,COMM-W-001,W,79,CLEARED,R-INS-25,LOT-20260512-070
AE-20260512-0483,2026-05-12 11:22:16,DIFF-FUR-02,Z2,TEMP-H-002,H,372,CLEARED,,LOT-20260512-183
AE-20260512-0484,2026-05-12 12:34:51,ETCH-DRY-03,CH-B,TEMP-W-001,W,88,OPEN,R-DRY-03,
AE-20260512-0485,2026-05-12 16:52:25,ETCH-WET-01,,COMM-W-001,W,12,OPEN,R-WET-27,
AE-20260512-0486,2026-05-12 22:22:00,DIFF-FUR-03,Z2,TEMP-M-001,M,73,CLEARED,,LOT-20260512-101
AE-20260512-0487,2026-05-12 23:49:42,THIN-CVD-02,CH-B,REC-H-001,H,263,CLEARED,R-CVD-04,
AE-20260513-0488,2026-05-13 08:41:02,CLN-WET-01,,MECH-H-001,H,125,CLEARED,R-CLN-28,LOT-20260513-136
AE-20260513-0489,2026-05-13 09:26:08,MTL-INS-01,,COMM-H-001,H,324,CLEARED,,LOT-20260513-135
AE-20260513-0490,2026-05-13 10:55:55,DIFF-FUR-02,Z5,GAS-M-001,M,277,CLEARED,R-FUR-15,
AE-20260513-0491,2026-05-13 16:40:30,ETCH-DRY-03,CH-D,TEMP-W-001,W,79,CLEARED,R-DRY-23,LOT-20260513-042
AE-20260513-0492,2026-05-13 19:49:35,PHOTO-CTR-02,,COMM-W-001,W,11,CLEARED,,
AE-20260513-0493,2026-05-13 20:32:31,CLN-WET-02,,CHEM-H-001,H,172,ACKNOWLEDGED,,
AE-20260513-0494,2026-05-13 23:48:10,PHOTO-SCN-03,,COMM-M-001,M,153,CLEARED,R-SCN-01,
AE-20260514-0495,2026-05-14 03:42:55,PHOTO-SCN-03,,COMM-W-001,W,104,CLEARED,,
AE-20260514-0496,2026-05-14 05:08:32,IMP-MCI-01,,HV-W-001,W,67,CLEARED,R-MCI-26,
AE-20260514-0497,2026-05-14 15:51:44,CMP-POL-01,,MECH-H-001,H,763,CLEARED,R-POL-15,
AE-20260514-0498,2026-05-14 17:27:34,MTL-MES-02,,COMM-W-001,W,110,CLEARED,R-MES-10,LOT-20260514-192
AE-20260514-0499,2026-05-14 18:18:08,MTL-INS-01,,MECH-H-001,H,369,ACKNOWLEDGED,,
AE-20260514-0500,2026-05-14 21:03:42,MTL-INS-01,,MECH-H-001,H,481,CLEARED,R-INS-19,
